{"BTCUSDT":1.0,"BTCUPUSDT":0.9911375768,"BNTUSDT":0.8627792041,"ETHUSDT":0.8191513534,"LTCUSDT":0.8110681835,"BTTCUSDT":0.7928949213,"RIFUSDT":0.7893859336,"BTGUSDT":0.7828534028,"WOOUSDT":0.7775127844,"BALUSDT":0.7703762281,"FTTUSDT":0.7655281955,"VETUSDT":0.763178332,"XLMUSDT":0.7608126792,"ETHUPUSDT":0.7595090014,"KDAUSDT":0.7572043465,"REEFUSDT":0.7569344319,"BCHUSDT":0.7567956605,"ACAUSDT":0.7527967644,"ZILUSDT":0.7517702286,"LINKUPUSDT":0.7515997215,"BTSUSDT":0.7498813047,"DOTUSDT":0.7482028412,"LINKUSDT":0.7462743308,"NEOUSDT":0.7450105441,"BNBUSDT":0.7449102177,"XEMUSDT":0.7429741669,"BNBUPUSDT":0.7411265965,"RSRUSDT":0.7400032833,"LTCUPUSDT":0.7351811685,"ILVUSDT":0.734723733,"ZRXUSDT":0.7342722555,"FLMUSDT":0.7341362766,"DASHUSDT":0.7321428404,"THETAUSDT":0.7307176376,"JSTUSDT":0.7270737325,"SXPUSDT":0.7262131201,"BANDUSDT":0.7249462396,"EOSUSDT":0.7243935117,"ADAUPUSDT":0.7225250102,"ONTUSDT":0.7221140922,"XMRUSDT":0.7215944324,"DOTUPUSDT":0.7197179214,"TRBUSDT":0.7190770228,"AKROUSDT":0.7190007311,"XVGUSDT":0.7177504189,"RVNUSDT":0.7143567939,"ADAUSDT":0.71228931,"DGBUSDT":0.7118000627,"UNIUSDT":0.7117996673,"MCUSDT":0.7114910264}